sample_id	pop_id	group
sample_0001	C1:PopA_Ancient	donor_recipient
sample_0002	C1:PopA_Ancient	donor_recipient
sample_0003	C1:PopA_Ancient	donor_recipient
sample_0004	C1:PopA_Ancient	donor_recipient
sample_0005	C1:PopA_Ancient	donor_recipient
sample_0006	C2:PopB_Bronze	donor_recipient
sample_0007	C2:PopB_Bronze	donor_recipient
sample_0008	C2:PopB_Bronze	donor_recipient
sample_0009	C2:PopB_Bronze	donor_recipient
sample_0010	C2:PopB_Bronze	donor_recipient
sample_0011	C3:PopC_IronAge	donor_recipient
sample_0012	C3:PopC_IronAge	donor_recipient
sample_0013	C3:PopC_IronAge	donor_recipient
sample_0014	C3:PopC_IronAge	donor_recipient
sample_0015	C3:PopC_IronAge	donor_recipient
sample_0016	C4:PopD_Neolithic	donor_recipient
sample_0017	C4:PopD_Neolithic	donor_recipient
sample_0018	C4:PopD_Neolithic	donor_recipient
sample_0019	C4:PopD_Neolithic	donor_recipient
sample_0020	C4:PopD_Neolithic	donor_recipient
sample_0021	C5:PopE_Medieval	recipient
sample_0022	C5:PopE_Medieval	recipient
sample_0023	C5:PopE_Medieval	recipient
sample_0024	C5:PopE_Medieval	recipient
sample_0025	C5:PopE_Medieval	recipient
sample_0026	C6:PopF_Modern	recipient
sample_0027	C6:PopF_Modern	recipient
sample_0028	C6:PopF_Modern	recipient
sample_0029	C6:PopF_Modern	recipient
sample_0030	C6:PopF_Modern	recipient
