sample_id	group
sample_0001	source
sample_0002	target
sample_0003	target
sample_0004	target
sample_0005	target
sample_0006	source
sample_0007	target
sample_0008	target
sample_0009	target
sample_0010	target
sample_0011	source
sample_0012	target
sample_0013	target
sample_0014	target
sample_0015	target
sample_0016	source
sample_0017	target
sample_0018	target
sample_0019	target
sample_0020	target
sample_0021	source
sample_0022	target
sample_0023	target
sample_0024	target
sample_0025	target
sample_0026	source
sample_0027	target
sample_0028	target
sample_0029	target
sample_0030	target
