sample_id	C0	C4	C6	C7
O_001	2001.7	52.4	49.0	44.3
O_002	2067.9	59.2	35.5	49.7
O_003	2026.6	37.4	51.4	39.2
O_004	2076.0	53.6	54.0	60.2
O_005	2010.0	52.1	41.7	40.4
O_006	2068.0	43.4	43.8	71.0
O_007	1973.4	50.6	45.5	53.3
O_008	2017.7	49.9	53.1	45.4
O_009	2154.5	42.7	46.3	48.4
O_010	1989.6	45.8	50.9	61.9
O_011	1995.3	43.6	45.5	41.5
O_012	2019.0	44.8	56.9	43.3
S1_001	38.3	294.4	1630.2	1031.1
S1_002	53.9	321.3	1612.5	990.5
S1_003	44.6	272.8	1803.1	1096.4
S1_004	53.0	276.3	1485.7	956.6
S1_005	52.9	347.5	1654.1	904.8
S1_006	48.9	322.8	1528.1	883.2
S1_007	49.0	293.8	1672.0	1006.7
S1_008	34.9	304.6	1622.1	1107.3
S1_009	48.2	307.5	1619.4	968.9
S1_010	49.0	329.2	1540.0	941.3
S1_011	50.4	266.0	1701.7	918.0
S1_012	42.9	276.7	1524.3	1006.0
S2_001	58.3	1618.2	339.8	817.2
S2_002	55.8	1536.5	280.0	762.6
S2_003	48.9	1652.9	296.1	821.1
S2_004	48.6	1691.8	273.5	648.4
S2_005	58.4	1717.7	257.5	767.0
S2_006	40.6	1646.9	347.3	781.1
S2_007	60.9	1672.9	317.8	798.7
S2_008	35.3	1585.4	320.5	740.7
S2_009	54.5	1767.4	332.2	714.2
S2_010	41.2	1625.0	252.6	752.6
S2_011	43.4	1877.0	344.1	772.3
S2_012	38.6	1735.5	289.5	735.5
X_001	48.3	720.9	912.4	1153.5
X_002	54.9	625.2	1249.6	1027.3
X_003	38.1	795.8	938.5	1120.0
X_004	33.4	879.8	883.9	1024.2
X_005	51.0	755.1	925.4	1094.7
X_006	48.4	723.8	1008.1	1170.4
X_007	48.2	832.9	1041.5	1023.1
X_008	48.4	723.6	927.1	1097.4
X_009	55.6	749.3	1051.5	1181.9
X_010	44.2	673.0	945.0	1095.7
X_011	39.8	849.2	1082.4	942.1
X_012	77.2	676.8	926.6	1189.5
