sample_id	cluster_label	cluster_alias	cluster_assignment
sample_0001	C1	PopA_Ancient	cluster_full
sample_0002	C1	PopA_Ancient	cluster_full
sample_0003	C1	PopA_Ancient	cluster_full
sample_0004	C1	PopA_Ancient	cluster_full
sample_0005	C1	PopA_Ancient	cluster_full
sample_0006	C2	PopB_Bronze	cluster_full
sample_0007	C2	PopB_Bronze	cluster_full
sample_0008	C2	PopB_Bronze	cluster_full
sample_0009	C2	PopB_Bronze	cluster_full
sample_0010	C2	PopB_Bronze	cluster_full
sample_0011	C3	PopC_IronAge	cluster_full
sample_0012	C3	PopC_IronAge	cluster_full
sample_0013	C3	PopC_IronAge	cluster_full
sample_0014	C3	PopC_IronAge	cluster_full
sample_0015	C3	PopC_IronAge	cluster_full
sample_0016	C4	PopD_Neolithic	cluster_full
sample_0017	C4	PopD_Neolithic	cluster_full
sample_0018	C4	PopD_Neolithic	cluster_full
sample_0019	C4	PopD_Neolithic	cluster_full
sample_0020	C4	PopD_Neolithic	cluster_full
sample_0021	C5	PopE_Medieval	cluster_min_dist
sample_0022	C5	PopE_Medieval	cluster_min_dist
sample_0023	C5	PopE_Medieval	cluster_min_dist
sample_0024	C5	PopE_Medieval	cluster_min_dist
sample_0025	C5	PopE_Medieval	cluster_min_dist
sample_0026	C6	PopF_Modern	cluster_min_dist
sample_0027	C6	PopF_Modern	cluster_min_dist
sample_0028	C6	PopF_Modern	cluster_min_dist
sample_0029	C6	PopF_Modern	cluster_min_dist
sample_0030	C6	PopF_Modern	cluster_min_dist
