sample_id	label	pop_id	group	source_pop	p	p_median	se	res_norm	res_norm_rmse	res_norm_ex_self	self_share	self_is_source	accept_rate	accept_rate_min	accept_rate_max	ess_min	ess_median	rhat_max	rhat_median	active_sources_median	selected_sources_n	n_keep	n_chains	proposal_scale_final
X_001	X	C7	target	C0	7.447944600246266e-4	5.40501392577142e-4	6.545808544526656e-4	0.05988580295399373	0.05988580295399373	0.013702282564001002	0.40685687406556076	FALSE	0.009095	0.009095	0.009095	189.20663772195542	809.2167884491017	NA	NA	3	3	36000	1	200
X_001	X	C7	target	C4	0.36719149841221344	0.3672713120450208	0.006494049292293187	0.05988580295399373	0.05988580295399373	0.013702282564001002	0.40685687406556076	FALSE	0.009095	0.009095	0.009095	189.20663772195542	809.2167884491017	NA	NA	3	3	36000	1	200
X_001	X	C7	target	C6	0.6320637071277607	0.632188186562402	0.006471764386364766	0.05988580295399373	0.05988580295399373	0.013702282564001002	0.40685687406556076	FALSE	0.009095	0.009095	0.009095	189.20663772195542	809.2167884491017	NA	NA	3	3	36000	1	200
X_002	X	C7	target	C0	0.0022476990175530854	0.0022165286380769374	0.0011256209396622518	0.018370767709696364	0.018370767709696364	0.0035686370172979373	0.34740044842594375	FALSE	0.01222	0.01222	0.01222	616.6267935864419	649.977271553502	NA	NA	3	3	36000	1	200
X_002	X	C7	target	C4	0.2332520891962961	0.2331232720228835	0.0059620922849783	0.018370767709696364	0.018370767709696364	0.0035686370172979373	0.34740044842594375	FALSE	0.01222	0.01222	0.01222	616.6267935864419	649.977271553502	NA	NA	3	3	36000	1	200
X_002	X	C7	target	C6	0.7645002117861511	0.7646601993390396	0.006033880747059462	0.018370767709696364	0.018370767709696364	0.0035686370172979373	0.34740044842594375	FALSE	0.01222	0.01222	0.01222	616.6267935864419	649.977271553502	NA	NA	3	3	36000	1	200
X_003	X	C7	target	C0	0	0	0	0.04780835704162146	0.04780835704162146	0.010778569065069481	0.38721822784880144	FALSE	0.006725	0.006725	0.006725	840.913937534686	840.9139375346875	NA	NA	2	3	36000	1	200
X_003	X	C7	target	C4	0.396920534648253	0.39722514423141964	0.006446414898359974	0.04780835704162146	0.04780835704162146	0.010778569065069481	0.38721822784880144	FALSE	0.006725	0.006725	0.006725	840.913937534686	840.9139375346875	NA	NA	2	3	36000	1	200
X_003	X	C7	target	C6	0.6030794653517465	0.6027748557685805	0.006446414898359977	0.04780835704162146	0.04780835704162146	0.010778569065069481	0.38721822784880144	FALSE	0.006725	0.006725	0.006725	840.913937534686	840.9139375346875	NA	NA	2	3	36000	1	200
X_004	X	C7	target	C0	0	0	0	0.03468336837738767	0.03468336837738767	0.008474706196772283	0.36302539415804463	FALSE	0.00699	0.00699	0.00699	850.3293621931921	850.3293621931952	NA	NA	2	3	36000	1	200
X_004	X	C7	target	C4	0.4599940906057392	0.4604094428394838	0.00634591974491107	0.03468336837738767	0.03468336837738767	0.008474706196772283	0.36302539415804463	FALSE	0.00699	0.00699	0.00699	850.3293621931921	850.3293621931952	NA	NA	2	3	36000	1	200
X_004	X	C7	target	C6	0.5400059093942613	0.5395905571605163	0.0063459197449110705	0.03468336837738767	0.03468336837738767	0.008474706196772283	0.36302539415804463	FALSE	0.00699	0.00699	0.00699	850.3293621931921	850.3293621931952	NA	NA	2	3	36000	1	200
X_005	X	C7	target	C0	0.0014798881175305055	0.0013807767676036456	8.992486708409468e-4	0.04840200516740727	0.04840200516740727	0.011047636116327322	0.38733171099553265	FALSE	0.010855	0.010855	0.010855	337.2959516595695	784.176304904268	NA	NA	3	3	36000	1	200
X_005	X	C7	target	C4	0.3828951543988362	0.38241016957726504	0.006242295318548328	0.04840200516740727	0.04840200516740727	0.011047636116327322	0.38733171099553265	FALSE	0.010855	0.010855	0.010855	337.2959516595695	784.176304904268	NA	NA	3	3	36000	1	200
X_005	X	C7	target	C6	0.615624957483633	0.6162090536551313	0.006263514259571783	0.04840200516740727	0.04840200516740727	0.011047636116327322	0.38733171099553265	FALSE	0.010855	0.010855	0.010855	337.2959516595695	784.176304904268	NA	NA	3	3	36000	1	200
X_006	X	C7	target	C0	6.594428556580118e-4	4.822199938309275e-4	5.756556802903847e-4	0.05248081458807031	0.05248081458807031	0.011375846136759637	0.3966503143380357	FALSE	0.00847	0.00847	0.00847	177.2410229167739	834.9078095087126	NA	NA	3	3	36000	1	200
X_006	X	C7	target	C4	0.3378785423887644	0.3378090625913727	0.006171088149821938	0.05248081458807031	0.05248081458807031	0.011375846136759637	0.3966503143380357	FALSE	0.00847	0.00847	0.00847	177.2410229167739	834.9078095087126	NA	NA	3	3	36000	1	200
X_006	X	C7	target	C6	0.6614620147555778	0.6617087174147963	0.0062053943504662866	0.05248081458807031	0.05248081458807031	0.011375846136759637	0.3966503143380357	FALSE	0.00847	0.00847	0.00847	177.2410229167739	834.9078095087126	NA	NA	3	3	36000	1	200
X_007	X	C7	target	C0	4.741409491103712e-4	3.1653458983092156e-4	4.7789515468150273e-4	0.023232977725594753	0.023232977725594753	0.004812294225936843	0.347321008056909	FALSE	0.0082	0.0082	0.0082	156.35420262688132	703.5986380152742	NA	NA	3	3	36000	1	200
X_007	X	C7	target	C4	0.38667024106841374	0.3868754386461455	0.006210699207593365	0.023232977725594753	0.023232977725594753	0.004812294225936843	0.347321008056909	FALSE	0.0082	0.0082	0.0082	156.35420262688132	703.5986380152742	NA	NA	3	3	36000	1	200
X_007	X	C7	target	C6	0.6128556179824767	0.6128080267640236	0.006217897721344573	0.023232977725594753	0.023232977725594753	0.004812294225936843	0.347321008056909	FALSE	0.0082	0.0082	0.0082	156.35420262688132	703.5986380152742	NA	NA	3	3	36000	1	200
X_008	X	C7	target	C0	8.6025196692398e-4	7.626729041503832e-4	6.432626105761643e-4	0.05090934801503007	0.05090934801503007	0.01134491476074841	0.3924143360134794	FALSE	0.00865	0.00865	0.00865	216.0039000541418	727.513320543196	NA	NA	3	3	36000	1	200
X_008	X	C7	target	C4	0.367058281727508	0.36718012803626854	0.006232563839709734	0.05090934801503007	0.05090934801503007	0.01134491476074841	0.3924143360134794	FALSE	0.00865	0.00865	0.00865	216.0039000541418	727.513320543196	NA	NA	3	3	36000	1	200
X_008	X	C7	target	C6	0.632081466305568	0.6320571990595811	0.006246990544777705	0.05090934801503007	0.05090934801503007	0.01134491476074841	0.3924143360134794	FALSE	0.00865	0.00865	0.00865	216.0039000541418	727.513320543196	NA	NA	3	3	36000	1	200
X_009	X	C7	target	C0	0.0017853600427799779	0.0016736862920762685	9.866847920455635e-4	0.04803697663867369	0.04803697663867369	0.010496598423026028	0.38898413932182746	FALSE	0.011695	0.011695	0.011695	498.6294087113431	839.3695545475226	NA	NA	3	3	36000	1	200
X_009	X	C7	target	C4	0.3369631420011833	0.33681202283235806	0.006325666011587525	0.04803697663867369	0.04803697663867369	0.010496598423026028	0.38898413932182746	FALSE	0.011695	0.011695	0.011695	498.6294087113431	839.3695545475226	NA	NA	3	3	36000	1	200
X_009	X	C7	target	C6	0.6612514979560369	0.6615142908755657	0.006332914091996318	0.04803697663867369	0.04803697663867369	0.010496598423026028	0.38898413932182746	FALSE	0.011695	0.011695	0.011695	498.6294087113431	839.3695545475226	NA	NA	3	3	36000	1	200
X_010	X	C7	target	C0	4.543108974462496e-4	2.838335816654251e-4	4.4130411691314e-4	0.05272129870042484	0.05272129870042484	0.011394457172188368	0.3972862871843829	FALSE	0.008525	0.008525	0.008525	183.26752783677517	810.9091601264793	NA	NA	3	3	36000	1	200
X_010	X	C7	target	C4	0.335051288995597	0.3349042405089709	0.006567918221841194	0.05272129870042484	0.05272129870042484	0.011394457172188368	0.3972862871843829	FALSE	0.008525	0.008525	0.008525	183.26752783677517	810.9091601264793	NA	NA	3	3	36000	1	200
X_010	X	C7	target	C6	0.6644944001069573	0.6648119259093637	0.006581658078802057	0.05272129870042484	0.05272129870042484	0.011394457172188368	0.3972862871843829	FALSE	0.008525	0.008525	0.008525	183.26752783677517	810.9091601264793	NA	NA	3	3	36000	1	200
X_011	X	C7	target	C0	0	0	0	0.007888321071998572	0.007888321071998572	0.003156435169447292	0.3233592317565011	FALSE	0.006485	0.006485	0.006485	711.7019671111563	711.7019671111594	NA	NA	2	3	36000	1	200
X_011	X	C7	target	C4	0.38541393504463517	0.38584233872946494	0.005928633276215901	0.007888321071998572	0.007888321071998572	0.003156435169447292	0.3233592317565011	FALSE	0.006485	0.006485	0.006485	711.7019671111563	711.7019671111594	NA	NA	2	3	36000	1	200
X_011	X	C7	target	C6	0.6145860649553648	0.6141576612705351	0.0059286332762159034	0.007888321071998572	0.007888321071998572	0.003156435169447292	0.3233592317565011	FALSE	0.006485	0.006485	0.006485	711.7019671111563	711.7019671111594	NA	NA	2	3	36000	1	200
X_012	X	C7	target	C0	0.011325838303386335	0.011349300617268021	0.0013007616265205693	0.0657339142596239	0.0657339142596239	0.015624099608643928	0.41445257265934	FALSE	0.01301	0.01301	0.01301	802.574566282557	803.8519592782263	NA	NA	3	3	36000	1	200
X_012	X	C7	target	C4	0.3339297331893325	0.3338442288779004	0.006461114269090582	0.0657339142596239	0.0657339142596239	0.015624099608643928	0.41445257265934	FALSE	0.01301	0.01301	0.01301	802.574566282557	803.8519592782263	NA	NA	3	3	36000	1	200
X_012	X	C7	target	C6	0.6547444285072828	0.6548064705048315	0.006457431386778487	0.0657339142596239	0.0657339142596239	0.015624099608643928	0.41445257265934	FALSE	0.01301	0.01301	0.01301	802.574566282557	803.8519592782263	NA	NA	3	3	36000	1	200
O_001	O	C0	source	C0	1	NA	0	0	0	0	NA	NA	NA	NA	NA	NA	NA	NA	NA	NA	NA	NA	NA	NA
O_002	O	C0	source	C0	1	NA	0	0	0	0	NA	NA	NA	NA	NA	NA	NA	NA	NA	NA	NA	NA	NA	NA
O_003	O	C0	source	C0	1	NA	0	0	0	0	NA	NA	NA	NA	NA	NA	NA	NA	NA	NA	NA	NA	NA	NA
O_004	O	C0	source	C0	1	NA	0	0	0	0	NA	NA	NA	NA	NA	NA	NA	NA	NA	NA	NA	NA	NA	NA
O_005	O	C0	source	C0	1	NA	0	0	0	0	NA	NA	NA	NA	NA	NA	NA	NA	NA	NA	NA	NA	NA	NA
O_006	O	C0	source	C0	1	NA	0	0	0	0	NA	NA	NA	NA	NA	NA	NA	NA	NA	NA	NA	NA	NA	NA
O_007	O	C0	source	C0	1	NA	0	0	0	0	NA	NA	NA	NA	NA	NA	NA	NA	NA	NA	NA	NA	NA	NA
O_008	O	C0	source	C0	1	NA	0	0	0	0	NA	NA	NA	NA	NA	NA	NA	NA	NA	NA	NA	NA	NA	NA
O_009	O	C0	source	C0	1	NA	0	0	0	0	NA	NA	NA	NA	NA	NA	NA	NA	NA	NA	NA	NA	NA	NA
O_010	O	C0	source	C0	1	NA	0	0	0	0	NA	NA	NA	NA	NA	NA	NA	NA	NA	NA	NA	NA	NA	NA
O_011	O	C0	source	C0	1	NA	0	0	0	0	NA	NA	NA	NA	NA	NA	NA	NA	NA	NA	NA	NA	NA	NA
O_012	O	C0	source	C0	1	NA	0	0	0	0	NA	NA	NA	NA	NA	NA	NA	NA	NA	NA	NA	NA	NA	NA
S1_001	S1	C6	source	C6	1	NA	0	0	0	0	NA	NA	NA	NA	NA	NA	NA	NA	NA	NA	NA	NA	NA	NA
S1_002	S1	C6	source	C6	1	NA	0	0	0	0	NA	NA	NA	NA	NA	NA	NA	NA	NA	NA	NA	NA	NA	NA
S1_003	S1	C6	source	C6	1	NA	0	0	0	0	NA	NA	NA	NA	NA	NA	NA	NA	NA	NA	NA	NA	NA	NA
S1_004	S1	C6	source	C6	1	NA	0	0	0	0	NA	NA	NA	NA	NA	NA	NA	NA	NA	NA	NA	NA	NA	NA
S1_005	S1	C6	source	C6	1	NA	0	0	0	0	NA	NA	NA	NA	NA	NA	NA	NA	NA	NA	NA	NA	NA	NA
S1_006	S1	C6	source	C6	1	NA	0	0	0	0	NA	NA	NA	NA	NA	NA	NA	NA	NA	NA	NA	NA	NA	NA
S1_007	S1	C6	source	C6	1	NA	0	0	0	0	NA	NA	NA	NA	NA	NA	NA	NA	NA	NA	NA	NA	NA	NA
S1_008	S1	C6	source	C6	1	NA	0	0	0	0	NA	NA	NA	NA	NA	NA	NA	NA	NA	NA	NA	NA	NA	NA
S1_009	S1	C6	source	C6	1	NA	0	0	0	0	NA	NA	NA	NA	NA	NA	NA	NA	NA	NA	NA	NA	NA	NA
S1_010	S1	C6	source	C6	1	NA	0	0	0	0	NA	NA	NA	NA	NA	NA	NA	NA	NA	NA	NA	NA	NA	NA
S1_011	S1	C6	source	C6	1	NA	0	0	0	0	NA	NA	NA	NA	NA	NA	NA	NA	NA	NA	NA	NA	NA	NA
S1_012	S1	C6	source	C6	1	NA	0	0	0	0	NA	NA	NA	NA	NA	NA	NA	NA	NA	NA	NA	NA	NA	NA
S2_001	S2	C4	source	C4	1	NA	0	0	0	0	NA	NA	NA	NA	NA	NA	NA	NA	NA	NA	NA	NA	NA	NA
S2_002	S2	C4	source	C4	1	NA	0	0	0	0	NA	NA	NA	NA	NA	NA	NA	NA	NA	NA	NA	NA	NA	NA
S2_003	S2	C4	source	C4	1	NA	0	0	0	0	NA	NA	NA	NA	NA	NA	NA	NA	NA	NA	NA	NA	NA	NA
S2_004	S2	C4	source	C4	1	NA	0	0	0	0	NA	NA	NA	NA	NA	NA	NA	NA	NA	NA	NA	NA	NA	NA
S2_005	S2	C4	source	C4	1	NA	0	0	0	0	NA	NA	NA	NA	NA	NA	NA	NA	NA	NA	NA	NA	NA	NA
S2_006	S2	C4	source	C4	1	NA	0	0	0	0	NA	NA	NA	NA	NA	NA	NA	NA	NA	NA	NA	NA	NA	NA
S2_007	S2	C4	source	C4	1	NA	0	0	0	0	NA	NA	NA	NA	NA	NA	NA	NA	NA	NA	NA	NA	NA	NA
S2_008	S2	C4	source	C4	1	NA	0	0	0	0	NA	NA	NA	NA	NA	NA	NA	NA	NA	NA	NA	NA	NA	NA
S2_009	S2	C4	source	C4	1	NA	0	0	0	0	NA	NA	NA	NA	NA	NA	NA	NA	NA	NA	NA	NA	NA	NA
S2_010	S2	C4	source	C4	1	NA	0	0	0	0	NA	NA	NA	NA	NA	NA	NA	NA	NA	NA	NA	NA	NA	NA
S2_011	S2	C4	source	C4	1	NA	0	0	0	0	NA	NA	NA	NA	NA	NA	NA	NA	NA	NA	NA	NA	NA	NA
S2_012	S2	C4	source	C4	1	NA	0	0	0	0	NA	NA	NA	NA	NA	NA	NA	NA	NA	NA	NA	NA	NA	NA
