sample_id	cluster_label	true_population
O_001	C3	O
O_002	C2	O
O_003	C2	O
O_004	C3	O
O_005	C0	O
O_006	C0	O
O_007	C3	O
O_008	C0	O
O_009	C3	O
O_010	C2	O
O_011	C3	O
O_012	C2	O
S1_001	C7_4	S1
S1_002	C7_4	S1
S1_003	C7_0	S1
S1_004	C7_0	S1
S1_005	C7_4	S1
S1_006	C7_0	S1
S1_007	C7_4	S1
S1_008	C7_0	S1
S1_009	C7_0	S1
S1_010	C7_4	S1
S1_011	C7_4	S1
S1_012	C7_4	S1
S2_001	C5_4	S2
S2_002	C5_0	S2
S2_003	C5_4	S2
S2_004	C5_0	S2
S2_005	C5_4	S2
S2_006	C5_4	S2
S2_007	C5_4	S2
S2_008	C4	S2
S2_009	C4	S2
S2_010	C5_0	S2
S2_011	C4	S2
S2_012	C5_0	S2
X_001	C6_4	X
X_002	C6_4	X
X_003	C6_0	X
X_004	C6_0	X
X_005	C6_4	X
X_006	C6_0	X
X_007	C6_0	X
X_008	C6_4	X
X_009	C6_4	X
X_010	C6_0	X
X_011	C6_0	X
X_012	C6_4	X
