sample_id	population	source	share
X_001	X	S1	0.605258
X_001	X	S2	0.394742
X_002	X	S1	0.661782
X_002	X	S2	0.338218
X_003	X	S1	0.550519
X_003	X	S2	0.449481
X_004	X	S1	0.567514
X_004	X	S2	0.432486
X_005	X	S1	0.600418
X_005	X	S2	0.399582
X_006	X	S1	0.606895
X_006	X	S2	0.393105
X_007	X	S1	0.592441
X_007	X	S2	0.407559
X_008	X	S1	0.588682
X_008	X	S2	0.411318
X_009	X	S1	0.628287
X_009	X	S2	0.371713
X_010	X	S1	0.592085
X_010	X	S2	0.407915
X_011	X	S1	0.608612
X_011	X	S2	0.391388
X_012	X	S1	0.596072
X_012	X	S2	0.403928
