sample_id	label	group
sample_0001	PopA_Ancient	cluster_full
sample_0002	PopA_Ancient	cluster_full
sample_0003	PopA_Ancient	cluster_full
sample_0004	PopA_Ancient	cluster_full
sample_0005	PopA_Ancient	cluster_full
sample_0006	PopB_Bronze	cluster_full
sample_0007	PopB_Bronze	cluster_full
sample_0008	PopB_Bronze	cluster_full
sample_0009	PopB_Bronze	cluster_full
sample_0010	PopB_Bronze	cluster_full
sample_0011	PopC_IronAge	cluster_full
sample_0012	PopC_IronAge	cluster_full
sample_0013	PopC_IronAge	cluster_full
sample_0014	PopC_IronAge	cluster_full
sample_0015	PopC_IronAge	cluster_full
sample_0016	PopD_Neolithic	cluster_full
sample_0017	PopD_Neolithic	cluster_full
sample_0018	PopD_Neolithic	cluster_full
sample_0019	PopD_Neolithic	cluster_full
sample_0020	PopD_Neolithic	cluster_full
sample_0021	PopE_Medieval	cluster_min_dist
sample_0022	PopE_Medieval	cluster_min_dist
sample_0023	PopE_Medieval	cluster_min_dist
sample_0024	PopE_Medieval	cluster_min_dist
sample_0025	PopE_Medieval	cluster_min_dist
sample_0026	PopF_Modern	cluster_min_dist
sample_0027	PopF_Modern	cluster_min_dist
sample_0028	PopF_Modern	cluster_min_dist
sample_0029	PopF_Modern	exclude
sample_0030	PopF_Modern	exclude
