sample_id	cluster_label	true_population	cluster_id	cluster_depth
O_001	C0	O	0_1	1
O_002	C0	O	0_1	1
O_003	C0	O	0_1	1
O_004	C0	O	0_1	1
O_005	C0	O	0_1	1
O_006	C0	O	0_1	1
O_007	C0	O	0_1	1
O_008	C0	O	0_1	1
O_009	C0	O	0_1	1
O_010	C0	O	0_1	1
O_011	C0	O	0_1	1
O_012	C0	O	0_1	1
S1_001	C6	S1	0_2_2_1	3
S1_002	C6	S1	0_2_2_1	3
S1_003	C6	S1	0_2_2_1	3
S1_004	C6	S1	0_2_2_1	3
S1_005	C6	S1	0_2_2_1	3
S1_006	C6	S1	0_2_2_1	3
S1_007	C6	S1	0_2_2_1	3
S1_008	C6	S1	0_2_2_1	3
S1_009	C6	S1	0_2_2_1	3
S1_010	C6	S1	0_2_2_1	3
S1_011	C6	S1	0_2_2_1	3
S1_012	C6	S1	0_2_2_1	3
S2_001	C4	S2	0_2_1	2
S2_002	C4	S2	0_2_1	2
S2_003	C4	S2	0_2_1	2
S2_004	C4	S2	0_2_1	2
S2_005	C4	S2	0_2_1	2
S2_006	C4	S2	0_2_1	2
S2_007	C4	S2	0_2_1	2
S2_008	C4	S2	0_2_1	2
S2_009	C4	S2	0_2_1	2
S2_010	C4	S2	0_2_1	2
S2_011	C4	S2	0_2_1	2
S2_012	C4	S2	0_2_1	2
X_001	C7	X	0_2_2_2	3
X_002	C7	X	0_2_2_2	3
X_003	C7	X	0_2_2_2	3
X_004	C7	X	0_2_2_2	3
X_005	C7	X	0_2_2_2	3
X_006	C7	X	0_2_2_2	3
X_007	C7	X	0_2_2_2	3
X_008	C7	X	0_2_2_2	3
X_009	C7	X	0_2_2_2	3
X_010	C7	X	0_2_2_2	3
X_011	C7	X	0_2_2_2	3
X_012	C7	X	0_2_2_2	3
