sample_id	label	pop_id	group	source_pop	p	se	res_norm	res_norm_rmse	res_norm_ex_self	self_share	self_is_source	accept_rate	accept_rate_min	accept_rate_max	ess_min	ess_median	rhat_max	rhat_median	active_sources_median	selected_sources_n	n_keep	n_chains	proposal_scale_final
X_001	X	C7	target	C0	0.003611379577587504	0.00411135040558073	0.11927562083386879	0.059637810416934396	0.0046067010541084984	0.4068568740655608	FALSE	NA	NA	NA	NA	NA	NA	NA	NA	NA	NA	NA	NA
X_001	X	C7	target	C4	0.3814947760549862	0.035753777361881886	0.11927562083386879	0.059637810416934396	0.0046067010541084984	0.4068568740655608	FALSE	NA	NA	NA	NA	NA	NA	NA	NA	NA	NA	NA	NA
X_001	X	C7	target	C6	0.6148938443674263	0.03539727213665098	0.11927562083386879	0.059637810416934396	0.0046067010541084984	0.4068568740655608	FALSE	NA	NA	NA	NA	NA	NA	NA	NA	NA	NA	NA	NA
X_002	X	C7	target	C0	0.0033538594855677902	0.003444298681660371	0.036128051258800115	0.018064025629400057	0.0023002210708348595	0.3474004484259438	FALSE	NA	NA	NA	NA	NA	NA	NA	NA	NA	NA	NA	NA
X_002	X	C7	target	C4	0.24258728983910324	0.042323439959424225	0.036128051258800115	0.018064025629400057	0.0023002210708348595	0.3474004484259438	FALSE	NA	NA	NA	NA	NA	NA	NA	NA	NA	NA	NA	NA
X_002	X	C7	target	C6	0.754058850675329	0.043069672661937834	0.036128051258800115	0.018064025629400057	0.0023002210708348595	0.3474004484259438	FALSE	NA	NA	NA	NA	NA	NA	NA	NA	NA	NA	NA	NA
X_003	X	C7	target	C0	0	0	0.09539574409875873	0.047697872049379364	0.005494775597245085	0.38721822784880144	FALSE	NA	NA	NA	NA	NA	NA	NA	NA	NA	NA	NA	NA
X_003	X	C7	target	C4	0.40665181515084825	0.02861263891433333	0.09539574409875873	0.047697872049379364	0.005494775597245085	0.38721822784880144	FALSE	NA	NA	NA	NA	NA	NA	NA	NA	NA	NA	NA	NA
X_003	X	C7	target	C6	0.5933481848491517	0.02861263891433327	0.09539574409875873	0.047697872049379364	0.005494775597245085	0.38721822784880144	FALSE	NA	NA	NA	NA	NA	NA	NA	NA	NA	NA	NA	NA
X_004	X	C7	target	C0	0	0	0.06935197631766735	0.03467598815883367	0.007438156733899788	0.36302539415804463	FALSE	NA	NA	NA	NA	NA	NA	NA	NA	NA	NA	NA	NA
X_004	X	C7	target	C4	0.46213742353663767	0.03994560880578828	0.06935197631766735	0.03467598815883367	0.007438156733899788	0.36302539415804463	FALSE	NA	NA	NA	NA	NA	NA	NA	NA	NA	NA	NA	NA
X_004	X	C7	target	C6	0.5378625764633623	0.039945608805788235	0.06935197631766735	0.03467598815883367	0.007438156733899788	0.36302539415804463	FALSE	NA	NA	NA	NA	NA	NA	NA	NA	NA	NA	NA	NA
X_005	X	C7	target	C0	0.004092033559196425	0.005043471583387972	0.09647359449962013	0.048236797249810066	0.004445216610659014	0.3873317109955327	FALSE	NA	NA	NA	NA	NA	NA	NA	NA	NA	NA	NA	NA
X_005	X	C7	target	C4	0.3928860849273334	0.0385442706376815	0.09647359449962013	0.048236797249810066	0.004445216610659014	0.3873317109955327	FALSE	NA	NA	NA	NA	NA	NA	NA	NA	NA	NA	NA	NA
X_005	X	C7	target	C6	0.6030218815134701	0.037611913363392147	0.09647359449962013	0.048236797249810066	0.004445216610659014	0.3873317109955327	FALSE	NA	NA	NA	NA	NA	NA	NA	NA	NA	NA	NA	NA
X_006	X	C7	target	C0	0.002581068897161257	0.0038665233680180095	0.10433831807908471	0.052169159039542355	0.001728283674258033	0.39665031433803566	FALSE	NA	NA	NA	NA	NA	NA	NA	NA	NA	NA	NA	NA
X_006	X	C7	target	C4	0.35380151683836647	0.042870763600821385	0.10433831807908471	0.052169159039542355	0.001728283674258033	0.39665031433803566	FALSE	NA	NA	NA	NA	NA	NA	NA	NA	NA	NA	NA	NA
X_006	X	C7	target	C6	0.6436174142644723	0.04221237304963154	0.10433831807908471	0.052169159039542355	0.001728283674258033	0.39665031433803566	FALSE	NA	NA	NA	NA	NA	NA	NA	NA	NA	NA	NA	NA
X_007	X	C7	target	C0	9.699601131378501e-4	0.002794467775229231	0.04633532968228912	0.02316766484114456	0.001916656103018404	0.347321008056909	FALSE	NA	NA	NA	NA	NA	NA	NA	NA	NA	NA	NA	NA
X_007	X	C7	target	C4	0.3915904657041969	0.03838163129546581	0.04633532968228912	0.02316766484114456	0.001916656103018404	0.347321008056909	FALSE	NA	NA	NA	NA	NA	NA	NA	NA	NA	NA	NA	NA
X_007	X	C7	target	C6	0.6074395741826653	0.039727032067008644	0.04633532968228912	0.02316766484114456	0.001916656103018404	0.347321008056909	FALSE	NA	NA	NA	NA	NA	NA	NA	NA	NA	NA	NA	NA
X_008	X	C7	target	C0	0.003460904229277474	0.003382109836117191	0.10139843646272853	0.050699218231364265	0.0036296957425713417	0.3924143360134795	FALSE	NA	NA	NA	NA	NA	NA	NA	NA	NA	NA	NA	NA
X_008	X	C7	target	C4	0.37903803222110205	0.03840412174701969	0.10139843646272853	0.050699218231364265	0.0036296957425713417	0.3924143360134795	FALSE	NA	NA	NA	NA	NA	NA	NA	NA	NA	NA	NA	NA
X_008	X	C7	target	C6	0.6175010635496204	0.03915234496552832	0.10139843646272853	0.050699218231364265	0.0036296957425713417	0.3924143360134795	FALSE	NA	NA	NA	NA	NA	NA	NA	NA	NA	NA	NA	NA
X_009	X	C7	target	C0	0.004440104156008741	0.0036589063929751533	0.09548055511627106	0.04774027755813553	0.0014333725447558856	0.3889841393218274	FALSE	NA	NA	NA	NA	NA	NA	NA	NA	NA	NA	NA	NA
X_009	X	C7	target	C4	0.3511080596431612	0.04188061717849502	0.09548055511627106	0.04774027755813553	0.0014333725447558856	0.3889841393218274	FALSE	NA	NA	NA	NA	NA	NA	NA	NA	NA	NA	NA	NA
X_009	X	C7	target	C6	0.64445183620083	0.04276733972525785	0.09548055511627106	0.04774027755813553	0.0014333725447558856	0.3889841393218274	FALSE	NA	NA	NA	NA	NA	NA	NA	NA	NA	NA	NA	NA
X_010	X	C7	target	C0	0.0021976645386303606	0.0032853969788412367	0.104794901517183	0.0523974507585915	0.0015431348533681442	0.3972862871843829	FALSE	NA	NA	NA	NA	NA	NA	NA	NA	NA	NA	NA	NA
X_010	X	C7	target	C4	0.3514828673888465	0.02535819534016447	0.104794901517183	0.0523974507585915	0.0015431348533681442	0.3972862871843829	FALSE	NA	NA	NA	NA	NA	NA	NA	NA	NA	NA	NA	NA
X_010	X	C7	target	C6	0.646319468072523	0.02536242232486494	0.104794901517183	0.0523974507585915	0.0015431348533681442	0.3972862871843829	FALSE	NA	NA	NA	NA	NA	NA	NA	NA	NA	NA	NA	NA
X_011	X	C7	target	C0	0	0	0.015718956350442393	0.007859478175221197	0.0027457862314294967	0.32335923175650105	FALSE	NA	NA	NA	NA	NA	NA	NA	NA	NA	NA	NA	NA
X_011	X	C7	target	C4	0.387432914362868	0.04812978040837483	0.015718956350442393	0.007859478175221197	0.0027457862314294967	0.32335923175650105	FALSE	NA	NA	NA	NA	NA	NA	NA	NA	NA	NA	NA	NA
X_011	X	C7	target	C6	0.612567085637132	0.04812978040837493	0.015718956350442393	0.007859478175221197	0.0027457862314294967	0.32335923175650105	FALSE	NA	NA	NA	NA	NA	NA	NA	NA	NA	NA	NA	NA
X_012	X	C7	target	C0	0.014690235610035603	0.004326893532766426	0.13065401647320982	0.06532700823660491	0.0033890719017744056	0.41445257265934	FALSE	NA	NA	NA	NA	NA	NA	NA	NA	NA	NA	NA	NA
X_012	X	C7	target	C4	0.3535496614997765	0.03820963038830717	0.13065401647320982	0.06532700823660491	0.0033890719017744056	0.41445257265934	FALSE	NA	NA	NA	NA	NA	NA	NA	NA	NA	NA	NA	NA
X_012	X	C7	target	C6	0.6317601028901879	0.037343412395909874	0.13065401647320982	0.06532700823660491	0.0033890719017744056	0.41445257265934	FALSE	NA	NA	NA	NA	NA	NA	NA	NA	NA	NA	NA	NA
O_001	O	C0	source	C0	1	0	0	0	0	NA	NA	NA	NA	NA	NA	NA	NA	NA	NA	NA	NA	NA	NA
O_002	O	C0	source	C0	1	0	0	0	0	NA	NA	NA	NA	NA	NA	NA	NA	NA	NA	NA	NA	NA	NA
O_003	O	C0	source	C0	1	0	0	0	0	NA	NA	NA	NA	NA	NA	NA	NA	NA	NA	NA	NA	NA	NA
O_004	O	C0	source	C0	1	0	0	0	0	NA	NA	NA	NA	NA	NA	NA	NA	NA	NA	NA	NA	NA	NA
O_005	O	C0	source	C0	1	0	0	0	0	NA	NA	NA	NA	NA	NA	NA	NA	NA	NA	NA	NA	NA	NA
O_006	O	C0	source	C0	1	0	0	0	0	NA	NA	NA	NA	NA	NA	NA	NA	NA	NA	NA	NA	NA	NA
O_007	O	C0	source	C0	1	0	0	0	0	NA	NA	NA	NA	NA	NA	NA	NA	NA	NA	NA	NA	NA	NA
O_008	O	C0	source	C0	1	0	0	0	0	NA	NA	NA	NA	NA	NA	NA	NA	NA	NA	NA	NA	NA	NA
O_009	O	C0	source	C0	1	0	0	0	0	NA	NA	NA	NA	NA	NA	NA	NA	NA	NA	NA	NA	NA	NA
O_010	O	C0	source	C0	1	0	0	0	0	NA	NA	NA	NA	NA	NA	NA	NA	NA	NA	NA	NA	NA	NA
O_011	O	C0	source	C0	1	0	0	0	0	NA	NA	NA	NA	NA	NA	NA	NA	NA	NA	NA	NA	NA	NA
O_012	O	C0	source	C0	1	0	0	0	0	NA	NA	NA	NA	NA	NA	NA	NA	NA	NA	NA	NA	NA	NA
S1_001	S1	C6	source	C6	1	0	0	0	0	NA	NA	NA	NA	NA	NA	NA	NA	NA	NA	NA	NA	NA	NA
S1_002	S1	C6	source	C6	1	0	0	0	0	NA	NA	NA	NA	NA	NA	NA	NA	NA	NA	NA	NA	NA	NA
S1_003	S1	C6	source	C6	1	0	0	0	0	NA	NA	NA	NA	NA	NA	NA	NA	NA	NA	NA	NA	NA	NA
S1_004	S1	C6	source	C6	1	0	0	0	0	NA	NA	NA	NA	NA	NA	NA	NA	NA	NA	NA	NA	NA	NA
S1_005	S1	C6	source	C6	1	0	0	0	0	NA	NA	NA	NA	NA	NA	NA	NA	NA	NA	NA	NA	NA	NA
S1_006	S1	C6	source	C6	1	0	0	0	0	NA	NA	NA	NA	NA	NA	NA	NA	NA	NA	NA	NA	NA	NA
S1_007	S1	C6	source	C6	1	0	0	0	0	NA	NA	NA	NA	NA	NA	NA	NA	NA	NA	NA	NA	NA	NA
S1_008	S1	C6	source	C6	1	0	0	0	0	NA	NA	NA	NA	NA	NA	NA	NA	NA	NA	NA	NA	NA	NA
S1_009	S1	C6	source	C6	1	0	0	0	0	NA	NA	NA	NA	NA	NA	NA	NA	NA	NA	NA	NA	NA	NA
S1_010	S1	C6	source	C6	1	0	0	0	0	NA	NA	NA	NA	NA	NA	NA	NA	NA	NA	NA	NA	NA	NA
S1_011	S1	C6	source	C6	1	0	0	0	0	NA	NA	NA	NA	NA	NA	NA	NA	NA	NA	NA	NA	NA	NA
S1_012	S1	C6	source	C6	1	0	0	0	0	NA	NA	NA	NA	NA	NA	NA	NA	NA	NA	NA	NA	NA	NA
S2_001	S2	C4	source	C4	1	0	0	0	0	NA	NA	NA	NA	NA	NA	NA	NA	NA	NA	NA	NA	NA	NA
S2_002	S2	C4	source	C4	1	0	0	0	0	NA	NA	NA	NA	NA	NA	NA	NA	NA	NA	NA	NA	NA	NA
S2_003	S2	C4	source	C4	1	0	0	0	0	NA	NA	NA	NA	NA	NA	NA	NA	NA	NA	NA	NA	NA	NA
S2_004	S2	C4	source	C4	1	0	0	0	0	NA	NA	NA	NA	NA	NA	NA	NA	NA	NA	NA	NA	NA	NA
S2_005	S2	C4	source	C4	1	0	0	0	0	NA	NA	NA	NA	NA	NA	NA	NA	NA	NA	NA	NA	NA	NA
S2_006	S2	C4	source	C4	1	0	0	0	0	NA	NA	NA	NA	NA	NA	NA	NA	NA	NA	NA	NA	NA	NA
S2_007	S2	C4	source	C4	1	0	0	0	0	NA	NA	NA	NA	NA	NA	NA	NA	NA	NA	NA	NA	NA	NA
S2_008	S2	C4	source	C4	1	0	0	0	0	NA	NA	NA	NA	NA	NA	NA	NA	NA	NA	NA	NA	NA	NA
S2_009	S2	C4	source	C4	1	0	0	0	0	NA	NA	NA	NA	NA	NA	NA	NA	NA	NA	NA	NA	NA	NA
S2_010	S2	C4	source	C4	1	0	0	0	0	NA	NA	NA	NA	NA	NA	NA	NA	NA	NA	NA	NA	NA	NA
S2_011	S2	C4	source	C4	1	0	0	0	0	NA	NA	NA	NA	NA	NA	NA	NA	NA	NA	NA	NA	NA	NA
S2_012	S2	C4	source	C4	1	0	0	0	0	NA	NA	NA	NA	NA	NA	NA	NA	NA	NA	NA	NA	NA	NA
