stratum	exemplar	n_targets	source_pop	n_loaded	mean_p	r_res	r_endog	n_over_r	r_res_gap	shared_gradient	drift_coupled	sink	sink_via
S1	C0	1	C0	1	1	NA	NA	0	NA	FALSE	FALSE	FALSE	
S1	C0	1	C4	0	0	NA	NA	0	NA	FALSE	FALSE	FALSE	
S1	C0	1	C6	0	0	NA	NA	0	NA	FALSE	FALSE	FALSE	
S2	C4	1	C0	0	0	NA	NA	0	NA	FALSE	FALSE	FALSE	
S2	C4	1	C4	1	1	NA	NA	0	NA	FALSE	FALSE	FALSE	
S2	C4	1	C6	0	0	NA	NA	0	NA	FALSE	FALSE	FALSE	
S3	C6	2	C0	0	8.346552754338799e-4	NA	NA	0	NA	FALSE	FALSE	FALSE	
S3	C6	2	C4	1	0.18013410548653216	NA	NA	0	NA	FALSE	FALSE	FALSE	
S3	C6	2	C6	2	0.8190312392380341	NA	NA	0	NA	FALSE	FALSE	FALSE	
