sample_id	label	p_severe	p_warn	q_severe	q_warn	q_flagged	top_flagged_source	risk	res_ratio	poor_fit
X_001	X	0.0000	0.0007	0.0000	0.0000	0.0000	-	none	1.26	no
X_002	X	0.0000	0.0022	0.0000	0.0193	0.0193	C0	LOW	0.33	no
X_003	X	0.0000	0.0000	0.0000	0.0000	0.0000	-	none	0.99	no
X_004	X	0.0000	0.0000	0.0000	0.0000	0.0000	-	none	0.78	no
X_005	X	0.0000	0.0015	0.0000	0.0000	0.0000	-	none	1.01	no
X_006	X	0.0000	0.0007	0.0000	0.0000	0.0000	-	none	1.04	no
X_007	X	0.0000	0.0005	0.0000	0.0000	0.0000	-	none	0.44	no
X_008	X	0.0000	0.0009	0.0000	0.0000	0.0000	-	none	1.04	no
X_009	X	0.0000	0.0018	0.0000	0.0000	0.0000	-	none	0.96	no
X_010	X	0.0000	0.0005	0.0000	0.0000	0.0000	-	none	1.04	no
X_011	X	0.0000	0.0000	0.0000	0.0000	0.0000	-	none	0.29	no
X_012	X	0.0000	0.0113	0.0000	0.0894	0.0894	C0	MODERATE	1.43	no
